Source;Target;Weight
@carnecrudaradio;@AdaColau;2037
@carnecrudaradio;@manuelacarmena;1471
@AdaColau;@manuelacarmena;2593
@bcnencomu;@AdaColau;9133
@Sirereta;@xaviertrias;166
@somcomuns;@bcnencomu;329
@s;@bcnencomu;74
@SantsMontenComu;@bcnencomu;125
@toret;@bcnencomu;453
@gaab75;@xaviertrias;116
@jrabassa;@bcnencomu;115
@xaviertrias;@ecommtech_bcn;111
@albertofdezxbcn;@AdaColau;97
@NousCatalans;@xaviertrias;439
@LaVanguardia;@xaviertrias;58
@toret;@AdaColau;414
@xaviertrias;@PAH_BCN;233
@albertofdezxbcn;@s;475
@albertofdezxbcn;@elmaticope;158
@albertofdezxbcn;@cope_es;108
@s;@elmaticope;68
@s;@cope_es;61
@elmaticope;@cope_es;115
@Catalunya_Press;@albertofdezxbcn;58
@Pablo_Iglesias_;@ahorapodemos;87
@Pablo_Iglesias_;@Podem_BCN;52
@ahorapodemos;@Podem_BCN;277
@pscbarcelona;@jaumecollboni;1617
@isaranjuez;@bcnencomu;158
@isaranjuez;@AdaColau;188
@carmenchusalas;@albertofdezxbcn;1114
@bcnencomu;@Jaumeasens;281
@G_Pisarello;@bcnencomu;1174
@Immamartin;@albertofdezxbcn;730
@albertofdezxbcn;@caminscat;272
@ARApolitica;@AdaColau;70
@BCN_Growth;@xaviertrias;102
@StAntoniEnComu;@bcnencomu;386
@adacolau;@bcnencomu;585
@NousCatalans;@angelcolom;97
@xaviertrias;@angelcolom;106
@xaviertrias;@ericbertran;58
@toret;@manuelacarmena;66
@AdaColau;@AhoraMadrid;384
@bcnencomu;@manuelacarmena;564
@bcnencomu;@AhoraMadrid;523
@bcnencomu;@carnecrudaradio;392
@manuelacarmena;@AhoraMadrid;280
@AhoraMadrid;@carnecrudaradio;117
@aitorcarr;@bcnencomu;74
@Podem_BCN;@CATnoalTTIP;189
@Podem_BCN;@_cafeambllet;80
@Podem_BCN;@podem_cat;253
@CATnoalTTIP;@_cafeambllet;74
@CATnoalTTIP;@podem_cat;82
@_cafeambllet;@podem_cat;80
@podem_cat;@ahorapodemos;75
@xaviertrias;@elperiodico;78
@albertofdezxbcn;@Equinoxradio;181
@Cs_BCNA;@CarinaMejias;1539
@Cs_BCNA;@CiutadansCs;189
@CarinaMejias;@CiutadansCs;334
@Ciddavid;@bcnencomu;301
@iniciativaBCN;@bcnencomu;241
@eduardcabus;@AdaColau;414
@rblasi;@xaviertrias;170
@Albert_Rivera;@CiudadanosCs;536
@Albert_Rivera;@Cs_BCNA;458
@CiudadanosCs;@Cs_BCNA;507
@ejimenezcara;@albertofdezxbcn;390
@albertofdezxbcn;@xaviertrias;773
@Laiaortiz;@bcnencomu;548
@7deRadio;@jaumecollboni;55
@Colonos_Cs;@CarinaMejias;665
@AdaColau;@Pablo_Iglesias_;479
@enoticiescat;@xriusenoticies;133
@MayoralRafa;@_cafeambllet;57
@AdaColau;@HiginiaRoig;112
@directe;@bcnencomu;256
@directe;@ahorapodemos;57
@bcnencomu;@ahorapodemos;690
@NuriagBcn;@albertofdezxbcn;500
@martaverdejo;@bcnencomu;215
@CarinaMejias;@leotaxil;646
@CarinaMejias;@QuinManso;391
@leotaxil;@QuinManso;379
@btvnoticies;@xaviertrias;92
@btvnoticies;@AdaColau;110
@xaviertrias;@AdaColau;481
@hugomabarca;@AdaColau;64
@SantsEnComu;@bcnencomu;73
@MIQUEL_01;@CarinaMejias;63
@jaumecollboni;@lbassets;54
@btvnoticies;@bcnencomu;100
@subirats9;@bcnencomu;108
@AlfredBosch;@ernestmaragall;192
@AlfredBosch;@Esquerra_ERC;877
@AlfredBosch;@MovEsquerres;232
@AlfredBosch;@BCNCiutatOberta;271
@MovEsquerres;@BCNCiutatOberta;265
@Esquerra_ERC;@junqueras;117
@Esquerra_ERC;@martarovira;74
@Esquerra_ERC;@JoanTarda;62
@junqueras;@martarovira;84
@junqueras;@AlfredBosch;257
@martarovira;@AlfredBosch;130
@JoanTarda;@AlfredBosch;102
@xaviertrias;@ConvergenciaCAT;66
@xaviertrias;@latinoscat;76
@guinardoencomu;@AdaColau;102
@guinardoencomu;@G_Pisarello;62
@guinardoencomu;@mvidal80;73
@guinardoencomu;@bcnencomu;183
@AdaColau;@G_Pisarello;935
@AdaColau;@mvidal80;387
@G_Pisarello;@mvidal80;251
@mvidal80;@bcnencomu;380
@arvaldivia;@jaumecollboni;56
@Albert_Rivera;@CarinaMejias;1126
@Albert_Rivera;@InesArrimadas;112
@Albert_Rivera;@jordi_canyas;55
@CarinaMejias;@InesArrimadas;158
@xaviertrias;@bcn_ajuntament;345
@jaumecollboni;@miqueliceta;80
@StAndreuEnComu;@bcnencomu;273
@StAndreuEnComu;@AdaColau;198
@ToniP44;@bcnencomu;103
@DavidGR1714;@AdaColau;263
@elSingular;@bcnencomu;90
@Mazelmind;@xaviertrias;51
@albertofdezxbcn;@AlbiolAlcalde_;126
@albertofdezxbcn;@manureyeslopez;71
@AlbiolAlcalde_;@manureyeslopez;73
@CatDiuProu;@herrerajoan;64
@CatDiuProu;@AdaColau;183
@herrerajoan;@AdaColau;586
@ricardgoma;@bcnencomu;199
@xaviertrias;@BCN_esports;80
@janetsanz;@xaviertrias;278
@xaviertrias;@xtomas;286
@ClotEnComu;@bcnencomu;86
@ERCbcn;@AlfredBosch;1902
@bcnencomu;@GanemosMadrid;56
@llopebre;@tonialba;162
@HiginiaRoig;@cupnacional;90
@HiginiaRoig;@Podem_BCN;54
@cupnacional;@ahorapodemos;64
@cupnacional;@Podem_BCN;70
@tonialba;@RaholaOficial;71
@GiseLopez20;@albertofdezxbcn;132
@PConstClot;@bcnencomu;135
@CUPHortaGuinard;@CapgiremBCN;122
@AlfredBosch;@jpuigcorbe;498
@luisfergegea;@jaumecollboni;94
@jaumecollboni;@socialistes_cat;286
@iolacc;@jaumecollboni;69
@pscbarcelona;@xaviertrias;78
@jaumecollboni;@xaviertrias;254
@bcnencomu;@TerrassaEnComu;109
@Podem_BCN;@MayoralRafa;51
@albertofdezxbcn;@europapress;62
@carmenandres_;@jaumecollboni;689
@janetsanz;@bcnencomu;259
@cupsants;@CapgiremBCN;189
@eldiarioes;@carnecrudaradio;181
@eldiarioes;@manuelacarmena;193
@eldiarioes;@AdaColau;260
@CiudadanosCs;@CarinaMejias;2798
@LaVanguardia;@albertofdezxbcn;109
@AdaColau;@AbrilAscaso;77
@AbrilAscaso;@bcnencomu;91
@herrerajoan;@Laksmiz;125
@AdaColau;@tonialba;244
@AdaColau;@Laksmiz;424
@tonialba;@Laksmiz;78
@BCN_GUB;@xaviertrias;131
@bcnencomu;@xaviertrias;258
@mareatlantica;@bcnencomu;72
@vplana_catradio;@pscbarcelona;77
@vplana_catradio;@jaumecollboni;85
@xaviertrias;@ciu;358
@enricfv;@jaumecollboni;55
@PPBarcelona_;@parlament_cat;76
@PPBarcelona_;@PPCatalunya;389
@parlament_cat;@PPCatalunya;74
@PPBarcelona_;@dololopez_;59
@PPBarcelona_;@PP_LLEIDA;74
@PPBarcelona_;@ejimenezcara;57
@ejimenezcara;@PPCatalunya;96
@SandraBoix;@albertofdezxbcn;786
@mmillanclosa;@AdaColau;131
@enoticiescat;@xaviertrias;66
@xriusenoticies;@xaviertrias;86
@ahorapodemos;@AdaColau;482
@ahorapodemos;@iniciativa;94
@AdaColau;@iniciativa;113
@PPBarcelona_;@albertofdezxbcn;573
@Immamartin;@Albertofdezxbcn;58
@PP_Sarria;@albertofdezxbcn;99
@CarinaMejias;@CarolinaPunset;217
@CarinaMejias;@FranHervias;84
@jordievole;@salvadostv;97
@ErikaTorregrosa;@jaumecollboni;57
@Granollacs;@bcnencomu;170
@Granollacs;@AMI__cat;176
@bcnencomu;@AMI__cat;203
@MTudela;@AdaColau;55
@AMI__cat;@AdaColau;57
@jordievole;@AdaColau;441
@salvadostv;@AdaColau;189
@AdaColau;@ierrejon;133
@AdaColau;@s;183
@ERCbcn;@jpuigcorbe;293
@aramateix;@CapgiremBCN;73
@ERC_gracia;@AlfredBosch;68
@bcnencomu;@GraciaEnComu;185
@xaviertrias;@MillorBCN;59
@eduardcabus;@adaColau;107
@TMB_Barcelona;@xaviertrias;54
@AdaColau;@icveuia;290
@AdaColau;@dolorscamats;153
@AdaColau;@TeresaForcadesF;182
@dolorscamats;@herrerajoan;161
@PAH_BCN;@AdaColau;85
@GuanyemBDN;@bcnencomu;147
@StAndreuEnComu;@mvidal80;117
@StAndreuEnComu;@G_Pisarello;76
@bcnencomu;@mlg_barcelona;94
@ToniP44;@Podem_BCN;131
@CUPBarcelona;@CapgiremBCN;173
@bcnencomu;@acolom_;133
@ABalagu;@Cs_BCNA;63
@sanchezcastejon;@jaumecollboni;654
@simongorjeos;@CapgiremBCN;174
@StAntoniEnComu;@AdaColau;56
@pconstituentBCN;@AdaColau;143
@500x20;@xaviertrias;64
@AlfredBosch;@toni_comin;57
@icveuia;@PConstituent;58
@carmenandres_;@xaviertrias;78
@pscbarcelona;@carmenandres_;413
@albertofdezxbcn;@larazon_es;66
@bcn_ajuntament;@bcnencomu;53
@CapgiremBCN;@bcnencomu;90
@CUPBarcelona;@MJLecha;61
@CUPBarcelona;@xaviertrias;221
@CapgiremBCN;@MJLecha;161
@CapgiremBCN;@xaviertrias;87
@MJLecha;@xaviertrias;61
@simongorjeos;@MJLecha;58
@AhoraMadrid;@adacolau;76
@fmarcalvaro;@AdaColau;124
@pscnoubarris;@sanchezcastejon;64
@pscnoubarris;@jaumecollboni;75
@pscnoubarris;@carmenandres_;69
@sanchezcastejon;@carmenandres_;356
@PutasIndignadas;@xaviertrias;249
@AdaColau;@;93
@PutasIndignadas;@s;151
@xaviertrias;@s;200
@xaviertrias;@;164
@syriza_es;@bcnencomu;98
@xaviertrias;@carlesagusti;72
@agarzon;@AdaColau;50
@icveuiaBCN;@ricardgoma;131
@albertofdezxbcn;@PPopular;107
@ArguellesLlanos;@CarinaMejias;54
@CarinaMejias;@samuarq26;75
@CarinaMejias;@gebelque;83
@mlgAHORA;@bcnencomu;60
@albertortas;@xaviertrias;53
@ERC_Eixample;@AlfredBosch;79
@LA_PAH;@AdaColau;1062
@iniciativa;@bcnencomu;152
@MarcRius1;@bcnencomu;52
@AdaColau;@Laiaortiz;335
@angelsmcastells;@AdaColau;144
@FundErnestLluch;@RBALibros;112
@jaumecollboni;@PilarDL;71
@pscbarcelona;@PilarDL;68
@junqueras;@ERCbcn;75
@PodemosBp;@Podem_BCN;61
@janetsanz;@avvcmeridiana;61
@xaviertrias;@avvcmeridiana;106
@jaumecollboni;@PSOE;536
@janetsanz;@AdaColau;197
@janetsanz;@G_Pisarello;148
@AdaColau;@galapita;70
@bcnencomu;@galapita;188
@Laiaortiz;@G_Pisarello;190
@bcnencomu;@Podem_BCN;240
@ARApolitica;@AlfredBosch;77
@pscgracia;@jaumecollboni;51
@sanchezcastejon;@PSOE;138
@PPBarcelona_;@Congreso_Es;50
@albertofdezxbcn;@elperiodico;324
@elisabetbas;@albertofdezxbcn;127
@SandraBoix;@PPBarcelona_;76
@MarcBertomeu;@Podem_BCN;237
@jaguimera;@bcnencomu;81
@SergiFidalgo;@albertofdezxbcn;58
@mrenau;@AdaColau;268
@mrenau;@bcnencomu;382
@albertofdezxbcn;@oramirezlara;80
@bcnencomu;@robert_soro;143
@GraciaEnComu;@robert_soro;64
@GraciaEnComu;@AdaColau;72
@iniciativaBCN;@AdaColau;393
@robert_soro;@AdaColau;63
@jaumecollboni;@btvnoticies;87
@Bcn_Eixample;@xaviertrias;88
@directe;@AdaColau;432
@bcnencomu;@tv3cat;149
@AdaColau;@tv3cat;85
@CarinaMejias;@soniasi02;719
@CarinaMejias;@MarilenBarcelo;534
@soniasi02;@MarilenBarcelo;497
@xaviertrias;@jciurana;158
@xaviertrias;@bcncultura;97
@xaviertrias;@ferranmascarell;67
@jciurana;@bcncultura;62
@CapgiremBCN;@HiginiaRoig;65
@RaholaOficial;@xaviertrias;150
@pconstituentBCN;@bcnencomu;314
@SFamiliaEnComu;@bcnencomu;161
@MunicipalsBCN;@xaviertrias;104
@LaMarinaEnComu;@AdaColau;76
@santilapeira;@Avancemcat;73
@santilapeira;@AlfredBosch;118
@Avancemcat;@AlfredBosch;328
@xaviertrias;@AlfredBosch;306
@AlfredBosch;@jaumecollboni;105
@Jordi_Obon;@Cs_BCNA;74
@PPopular;@marianorajoy;51
@IndEnCastellano;@AdaColau;382
@xapo_;@xaviertrias;126
@joanignasielena;@Avancemcat;98
@Avancemcat;@Esquerra_ERC;59
@bcnencomu;@TeresaForcadesF;282
@bcnencomu;@;62
@YagoAlonsoBCN;@CarinaMejias;298
@YagoAlonsoBCN;@Cs_BCNA;156
@ToniPeraba;@bcnencomu;68
@elSingular;@xaviertrias;84
@bcnencomu;@Esquerra_ERC;55
@PazJoan;@jaumecollboni;50
@s;@s;160
@icveuiaBCN;@bcnencomu;79
@ANDRES_CANO42;@albertofdezxbcn;130
@Ciddavid;@AdaColau;60
@albertofdezxbcn;@PPCatalunya;597
@Immamartin;@PPBarcelona_;62
@Equinoxradio;@xaviertrias;73
@jaumecollboni;@AdaColau;174
@laSextaColumna;@CiudadanosCs;57
@laSextaColumna;@Albert_Rivera;57
@laSextaColumna;@begonavillacis;57
@laSextaColumna;@CarinaMejias;56
@laSextaColumna;@FranHervias;55
@laSextaColumna;@InesArrimadas;55
@CiudadanosCs;@begonavillacis;283
@CiudadanosCs;@FranHervias;64
@CiudadanosCs;@InesArrimadas;142
@Albert_Rivera;@begonavillacis;102
@Albert_Rivera;@FranHervias;75
@begonavillacis;@CarinaMejias;444
@begonavillacis;@FranHervias;59
@begonavillacis;@InesArrimadas;79
@FranHervias;@InesArrimadas;59
@AdriaAlemany;@bcnencomu;143
@sanchezcastejon;@pscbarcelona;235
@PSOE;@pscbarcelona;60
@xaviertrias;@gardanuy_bcn;217
@AliciaSCamacho;@albertofdezxbcn;157
@caminscat;@cercle_infraest;135
@caminscat;@ASINCA_cat;121
@caminscat;@oriolaltisench;61
@caminscat;@toniaira;106
@albertofdezxbcn;@cercle_infraest;95
@albertofdezxbcn;@ASINCA_cat;61
@albertofdezxbcn;@toniaira;104
@cercle_infraest;@ASINCA_cat;90
@albertofdezxbcn;@abc_es;120
@albertofdezxbcn;@ABC_Barcelona;73
@s;@abc_es;110
@s;@ABC_Barcelona;110
@abc_es;@ABC_Barcelona;74
@xmonge;@xaviertrias;73
@albertofdezxbcn;@Laciutat;129
@albertofdezxbcn;@OndaCero_cat;72
@albertofdezxbcn;@albertlesan;50
@albertofdezxbcn;@OndaCero_es;107
@Laciutat;@OndaCero_cat;69
@Laciutat;@albertlesan;59
@javiermulleras;@albertofdezxbcn;215
@javiermulleras;@PPCatalunya;80
@albertofdezxbcn;@Javi_Barrena;98
@albertofdezxbcn;@CasanovaMiriam;98
@albertofdezxbcn;@EduardoBolanosR;86
@CasanovaMiriam;@EduardoBolanosR;58
@CasanovaMiriam;@javiermulleras;74
@CasanovaMiriam;@oramirezlara;54
@EduardoBolanosR;@javiermulleras;56
@EduardoBolanosR;@oramirezlara;54
@javiermulleras;@oramirezlara;66
@Esquerra_ERC;@ERCbcn;111
@MunicipalsCAT;@AlfredBosch;78
@xaviertrias;@MercatsBCN;56
@pplescorts;@albertofdezxbcn;203
@albertofdezxbcn;@govern;473
@btvnoticies;@AlbertoFdezxBCN;98
@Fran_Garcia_O;@albertofdezxbcn;56
@CUPBarcelona;@xmonge;73
@albertofdezxbcn;@ppceixample;52
@albertofdezxbcn;@PPNouBarris;101
@albertofdezxbcn;@PPHortaGuinardo;153
@s;@pplescorts;50
@PPNouBarris;@pplescorts;85
@PPNouBarris;@PP_Sarria;82
@pplescorts;@PP_Sarria;82
@CiutatVellaPP;@albertofdezxbcn;62
@oramirezlara;@PPCatalunya;58
@cupnacional;@CUPBarcelona;86
@apuente;@bcnencomu;147
@CUPBarcelona;@XavierTrias;145
@Cs_BCNA;@MarilenBarcelo;231
@ctorrubiano7;@albertofdezxbcn;56
@AlDiaCat;@albertofdezxbcn;62
@Estornino_C;@AdaColau;206
@IndepenRadio;@AdaColau;122
@rblasi;@gardanuy_bcn;75
@icveuia;@unio_cat;74
@icveuia;@Podem_BCN;78
@EnComuH_G;@AdaColau;129
@EnComuH_G;@G_Pisarello;90
@EnComuH_G;@mvidal80;150
@FundErnestLluch;@albertofdezxbcn;90
@RBALibros;@albertofdezxbcn;152
@VictorValls;@bcnencomu;105
@xaviertrias;@barcelona_GUB;67
@AdaColau;@AdriaAlemany;140
@PAH_BCN;@APE_Cat;67
@AdaColau;@somcomuns;119
@AdaColau;@ClotEnComu;124
@EnComuH_G;@bcnencomu;215
@angelsmcastells;@BCNEncomu;71
@AdaColau;@BCNEncomu;72
@kolontai1959;@AdaColau;61
@carnecrudaradio;@ManuelaCarmena;242
@AdaColau;@ManuelaCarmena;358
@carme1848;@bcnencomu;119
@AdaColau;@Albert_Rivera;202
@PrensaCs;@CarinaMejias;331
@MABastenier001;@CarinaMejias;79
@tonisalado;@bcnencomu;53
@VictorValls;@EnComuH_G;89
@VictorValls;@mvidal80;76
@AdaColau;@AlfredBosch;147
@xaviertrias;@ILPhabitatge;119
@albertofdezxbcn;@CopeCatalunya;71
@elmaticope;@CopeCatalunya;67
@syriza_es;@AhoraMadrid;76
@g6gracia;@orfeogracienc;52
@apuente;@pirates_lh;85
@pirates_lh;@bcnencomu;115
@TerrassaEnComu;@AdaColau;127
@Jaumeasens;@AdaColau;383
@MarcBertomeu;@bcnencomu;87
@ciu;@Esquerra_ERC;61
@SantiDemajo;@bcnencomu;192
@ERCbcn;@ernestmaragall;80
@AlfredBosch;@Taula3sector;94
@Esquerra_ERC;@jpuigcorbe;79
@fjmillan69;@CarinaMejias;79
@Cs_Cornella;@CarinaMejias;79
@Cs_Cornella;@Albert_Rivera;74
@carmenchusalas;@PPBarcelona_;164
@bcnencomu;@xavierdomenechs;327
@G_Pisarello;@xavierdomenechs;375
@vpartal;@bcnencomu;68
@PConstituent;@AdaColau;99
@albertofdezxbcn;@barcelona_cat;300
@barcelona_cat;@govern;144
@APE_Cat;@APE_Cat;75
@AlfredBosch;@jfalbertos;71
@AlfredBosch;@OriolCosta_;83
@jfalbertos;@OriolCosta_;63
@icveuia;@bcnencomu;326
@govern;@xaviertrias;85
@APE_Cat;@xaviertrias;61
@dosmesdoscinc;@AdaColau;148
@bcnencomu;@Superllisti;54
@mrenau;@G_Pisarello;52
@bcnencomu;@15mparato;64
@xaviertrias;@ArturMasCat;57
@ERCbcn;@montsebenedi;83
@bcnencomu;@oop_coop;69
@jpuigcorbe;@joanignasielena;71
@joanignasielena;@AlfredBosch;163
@15Mmikel;@bcnencomu;87
@toniartero;@ahorapodemos;102
@toniartero;@icveuia;102
@toniartero;@bcnencomu;81
@toniartero;@AdaColau;176
@toniartero;@iniciativa;76
@toniartero;@pconstituent;74
@ahorapodemos;@icveuia;148
@ahorapodemos;@pconstituent;75
@icveuia;@iniciativa;79
@icveuia;@pconstituent;75
@bcnencomu;@pconstituent;75
@AdaColau;@pconstituent;75
@iniciativa;@pconstituent;75
@ernesturtasun;@AdaColau;66
@bcnencomu;@iaioflautas;54
@L_Makeba;@bcnencomu;479
@dosmesdoscinc;@bcnencomu;162
@15Mmikel;@AdaColau;51
@Casfetera;@AdaColau;58
@PPBarcelona_;@AliciaSCamacho;110
@SergiCastanye;@bcnencomu;150
@SergiCastanye;@AdaColau;120
@isaranjuez;@adacolau;112
@carmelojorda;@AdaColau;119
@_JuanLi;@AdaColau;103
@PodemDSantMarti;@ahorapodemos;76
@PodemDSantMarti;@Podem_BCN;115
@aguetic;@bcnencomu;69
@LauraValls1;@AdaColau;153
@XavierSolerT;@AdaColau;113
@EduardoIndaDice;@AdaColau;542
@bcnencomu;@PConstituent;245
@_mundus;@bcnencomu;84
@TheRealMadLover;@EduardoIndaDice;51
@TheRealMadLover;@MATHIEUMARL;51
@TheRealMadLover;@AdaColau;52
@EduardoIndaDice;@MATHIEUMARL;82
@MATHIEUMARL;@AdaColau;82
@_mundus;@martaverdejo;55
@_mundus;@robert_soro;53
@martaverdejo;@robert_soro;53
@bcnencomu;@eloibadia;115
@AdaColau;@SextaNocheTV;2014
@CiutadansCs;@CiudadanosCs;151
@NewEconomyForum;@albertofdezxbcn;85
@xavimarinetti;@bcnencomu;73
@AdaColau;@El_Intermedio;99
@ManuelConde7;@albertofdezxbcn;62
@AdaColau;@iaioflautas;170
@TerrassaEnComu;@carnecruda;53
@AdaColau;@carnecruda;53
@bcnencomu;@carnecruda;53
@AdaColau;@ismadani_abs;56
@MGGiiino;@AdaColau;51
@pscbarcelona;@socialistes_cat;66
@_Empanado_;@EduardoIndaDice;64
@_Empanado_;@MATHIEUMARL;64
@_Empanado_;@AdaColau;64
@ciu;@bcnencomu;114
@gaab75;@bcnencomu;66
@bcnencomu;@KateSB;160
@somcomuns;@adacolau;67
@cs_ciutat_vella;@Cs_BCNA;99
@cs_ciutat_vella;@soniasi02;51
@cs_ciutat_vella;@MarilenBarcelo;73
@cs_ciutat_vella;@pacosierral;51
@Cs_BCNA;@soniasi02;271
@Cs_BCNA;@pacosierral;129
@soniasi02;@YagoAlonsoBCN;291
@soniasi02;@pacosierral;282
@MarilenBarcelo;@YagoAlonsoBCN;308
@MarilenBarcelo;@pacosierral;301
@YagoAlonsoBCN;@pacosierral;231
@EsqEixEnComu;@bcnencomu;261
@AdaColau;@laSextaTV;261
@AdaColau;@MarcBertomeu;256
@elperiodico;@jaumecollboni;97
@ernesturtasun;@bcnencomu;53
@carmenchusalas;@PPCatalunya;61
@bcnencomu;@EUiA_cat;59
@bcnencomu;@podem_cat;113
@Laksmiz;@jcanadellb;52
@tonialba;@jcanadellb;53
@jcanadellb;@AdaColau;72
@elperiodico;@AdaColau;104
@CarinaMejias;@PPopular;82
@AdaColau;@_anapastor_;292
@ERCbcn;@MovEsquerres;245
@ERCbcn;@BCNCiutatOberta;208
@herrerajoan;@miqueliceta;92
@miqueliceta;@AdaColau;88
@joanvallve;@bcnencomu;78
@alexmiquel;@AlfredBosch;86
@CsLesCorts;@Cs_BCNA;62
@carlesjulbe;@AlfredBosch;72
@EUiA_cat;@AdaColau;62
@BCNCiutatOberta;@GemmaSendra;136
@AlfredBosch;@GemmaSendra;142
@ERCbcn;@GemmaSendra;70
@AlfredBosch;@t_capdevila;57
@AlfredBosch;@montsebenedi;59
@LA_PAH;@jordievole;420
@MunicipalsBCN;@AlfredBosch;58
@MaesePads;@AdaColau;99
@roberthorta7;@albertofdezxbcn;82
@PPBarcelona_;@EnricMillo;68
@bcnencomu;@bcnencomu;84
@cesciglesies;@AlfredBosch;57
@XavierGonzalbez;@bcnencomu;91
@StAntoniEnComu;@EsqEixEnComu;102
@bcnencomu;@sarriaencomu;58
@bcnencomu;@x_riu;51
@bcnencomu;@LaMarinaEnComu;144
@AlfredBosch;@MJLecha;52
@PPBarcelona_;@PPopular;52
@RaholaOficial;@NousCatalans;54
@BCNCiutatOberta;@jpuigcorbe;53
@albertofdezxbcn;@;267
@podem_cat;@PConstituent;59
@podem_cat;@fundacomunes;54
@PConstituent;@fundacomunes;52
@bcnencomu;@fundacomunes;54
@PrensaCs;@CiudadanosCs;64
@Gafas_y_reloj;@PPopular;56
@Gafas_y_reloj;@CarinaMejias;106
@Gafas_y_reloj;@CiudadanosCs;60
@Gafas_y_reloj;@Juanmi_News;56
@PPopular;@CiudadanosCs;102
@PPopular;@Juanmi_News;58
@CarinaMejias;@Juanmi_News;58
@CiudadanosCs;@Juanmi_News;58
@jaumecollboni;@CarinaMejias;50
@AdaColau;@CarinaMejias;55
@CiudadanosCs;@AdaColau;84
@ahorapodemos;@ierrejon;280
@CsLesCorts;@CarinaMejias;127
@CsLesCorts;@CCLesCorts;78
@CarinaMejias;@CCLesCorts;84
@AlfredBosch;@MillorBCN;76
@MovEsquerres;@Avancemcat;68
@PConstClot;@AdaColau;74
@PopularsGracia;@albertofdezxbcn;79
@carmenchusalas;@SandraBoix;58
@bcnencomu;@XescoMagrinya;97
@PPBarcelona_;@PopularesHospit;61
@Fginer;@CarinaMejias;112
@Fginer;@CarolinaPunset;112
@Fginer;@begonavillacis;108
@CarolinaPunset;@begonavillacis;189
@miguelmarcoruiz;@AdaColau;51
@albertofdezxbcn;@pp_sants;89
@bcnencomu;@SextaNocheTV;856
@sextaNoticias;@AdaColau;178
@Candeliano;@AdaColau;274
@vacp5;@albertofdezxbcn;79
@MiguelGardelVa;@CiudadanosCs;51
@MiguelGardelVa;@CarolinaPunset;51
@MiguelGardelVa;@CarinaMejias;51
@CiudadanosCs;@LuisSalvador;55
@CiudadanosCs;@CarolinaPunset;116
@LuisSalvador;@CarolinaPunset;50
@LuisSalvador;@CarinaMejias;53
@SFamiliaEnComu;@AdaColau;76
@BCNCiutatOberta;@ernestmaragall;72
@xaviertrias;@BCN_SantsMont;57
@jaumecollboni;@DModol_UrbArch;51
@cupnacional;@bcnencomu;56
@ciu;@AdaColau;58
@FormulaTV;@El_Intermedio;77
@FormulaTV;@AdaColau;77
@immigracio_erc;@AlfredBosch;50
@AdaColau;@AdaColau;50
@RamnCasares;@AdaColau;102
@fjmillan69;@begonavillacis;76
@fjmillan69;@CiudadanosCs;76
@JordiRoigG;@AdaColau;60
@MarianoNeyra;@bcnencomu;52
@MarianoNeyra;@cxmadrid;52
@bcnencomu;@cxmadrid;53
@Guerrero_Negro_;@AdaColau;58
@carmenceldran;@AdaColau;116
@_InakiLopez_;@AdaColau;251
@ERCbcn;@Avancemcat;53
@fanetin;@AdaColau;103
@lolanuria;@albertofdezxbcn;50
@SantiDemajo;@xaviertrias;149
@GemmaSendra;@MovEsquerres;97
@Podem_BCN;@PodemosSanitat;80
@barcelona_cat;@xaviertrias;77
@BCN_Mobilitat;@xaviertrias;52
@ramontremosa;@xaviertrias;103
@llopebre;@CatDiuProu;51
@ierrejon;@Podem_BCN;71
@bcnencomu9b;@AdaColau;117
@bcnencomu9b;@janetsanz;60
@bcnencomu9b;@carolainrc;59
@AdaColau;@carolainrc;113
@G_Pisarello;@carolainrc;100
@janetsanz;@carolainrc;118
@DavictusCat;@AdaColau;171
@jcanadellb;@DavictusCat;54
@jcanadellb;@Moragasanti;51
@jcanadellb;@jpuigcorbe;57
@jcanadellb;@CCatalaNegocis;51
@jcanadellb;@alb_macviv;57
@DavictusCat;@Moragasanti;52
@DavictusCat;@Laksmiz;51
@DavictusCat;@tonialba;53
@DavictusCat;@jpuigcorbe;55
@DavictusCat;@CCatalaNegocis;51
@DavictusCat;@alb_macviv;52
@AdaColau;@Moragasanti;55
@AdaColau;@jpuigcorbe;82
@AdaColau;@CCatalaNegocis;54
@AdaColau;@alb_macviv;59
@Moragasanti;@Laksmiz;54
@Moragasanti;@tonialba;55
@Moragasanti;@jpuigcorbe;54
@Moragasanti;@CCatalaNegocis;54
@Moragasanti;@alb_macviv;51
@Laksmiz;@jpuigcorbe;53
@Laksmiz;@CCatalaNegocis;53
@Laksmiz;@alb_macviv;50
@tonialba;@jpuigcorbe;71
@tonialba;@CCatalaNegocis;54
@tonialba;@alb_macviv;52
@jpuigcorbe;@CCatalaNegocis;54
@jpuigcorbe;@alb_macviv;57
@CCatalaNegocis;@alb_macviv;51
@egel71;@AdaColau;164
@ErcSantsMon;@AlfredBosch;51
@bcnencomu;@CUPBarcelona;55
@Rocsalafaixa;@AdaColau;63
@albertsc79;@bcnencomu;83
@Cs_Sants;@CarinaMejias;50
@Gisebcn;@xaviertrias;61
@CarinaMejias;@pacosierral;320
@jpuigcorbe;@junqueras;129
@M_BrokenLeg;@AdaColau;53
@Adalil_Jordi;@AdaColau;69
@_Quim;@bcnencomu;92
@Laksmiz;@Pablo_Iglesias_;57
@elperiodico;@bcnencomu;55
@rmrezrmon;@xavimarinetti;62
@rmrezrmon;@Candeliano;92
@rmrezrmon;@bcnencomu;92
@xavimarinetti;@Candeliano;72
@Candeliano;@bcnencomu;232
@BernatDedeu;@AdaColau;86
@canteros10;@rmrezrmon;57
@canteros10;@Candeliano;64
@canteros10;@bcnencomu;64
@JORDINADOR;@AdaColau;50
@TeresaForcadesF;@PConstituent;61
@bcnencomu;@carolainrc;74
@Candeliano;@CarinaMejias;51
@Salvigrau72;@AdaColau;77
@Salvigrau72;@LA_PAH;67
@LA_PAH;@bcnencomu;65
@Barbijaputa;@AdaColau;84
@AdaColau;@m;50
@SiPeroNo1;@AdaColau;229
@Javi_Barrena;@xaviertrias;56
@hermanntertsch;@AdaColau;122
@elSingular;@AdaColau;161
@CarinaMejias;@Cs_santandreu;187
@StAndreuEnComu;@Laiaortiz;132
@Cris_Segui_;@AdaColau;143
@mrovira;@CapgiremBCN;184
@podembadalona;@bcnencomu;101
@s;@PopularsGracia;50
@Societatcc;@albertofdezxbcn;127
@Gafas_y_reloj;@AdaColau;123
@elSingular;@herrerajoan;76
@Pablo_Iglesias_;@Albert_Rivera;147
@3eses;@bcnencomu;50
@ierrejon;@bcnencomu;877
@angelstomasgonz;@bcnencomu;59
@CarinaMejias;@SextaNocheTV;52
@Albert_Rivera;@GirautaOficial;60
@GirautaOficial;@CarinaMejias;104
@CarinaMejias;@delmoralo;69
@AnaGarridoRamos;@AdaColau;279
@bcnencomu;@pscbarcelona;59
@s;@CiudadanosCs;54
@s;@CarolinaPunset;53
@s;@begonavillacis;53
@s;@Fginer;53
@s;@CarinaMejias;54
@AdaColau;@Podem_BCN;299
@PAH_BCN;@ILPhabitatge;250
@ILPhabitatge;@APE_Cat;74
@SentitCritic;@AdaColau;138
@_cafeambllet;@AdaColau;262
@cupnacional;@MJLecha;66
@LaliSandi;@AdaColau;105
@directe;@AlfredBosch;94
@soniasi02;@CiudadanosCs;158
@IndEnCastellano;@BCNenComu;137
@btvnoticies;@JaumeCollboni;74
@CarinaMejias;@elperiodico;53
@IndepCast;@CarinaMejias;83
@Podem_BCN;@G_Pisarello;165
@MarcBertomeu;@G_Pisarello;238
@xaviertrias;@Anne_Hidalgo;65
@Arnaumb_;@bcnencomu;51
@albertofdezxbcn;@RamblaBTV;96
@KateSB;@AdaColau;111
@AdaColau;@MJLecha;53
@PPCatalunya;@AliciaSCamacho;52
@CopeCatalunya;@cope_es;68
@MAssumpta;@AdaColau;146
@SiPeroNo1;@SextaNocheTV;74
@adacolau;@SextaNocheTV;1246
@moncapsa;@AdaColau;198
@GabrielFerDiaz;@AdaColau;287
@Laksmiz;@laSextaTV;120
@JuanDiegoBotto;@AdaColau;692
@JuanDiegoBotto;@manuelacarmena;458
@directe;@SextaNocheTV;78
@xaviertrias;@SextaNocheTV;207
@JosepCatt;@AdaColau;107
@novulltwiter;@AdaColau;67
@novulltwiter;@elconvidatTV3;67
@AdaColau;@elconvidatTV3;68
@kikucule;@AdaColau;91
@PAntoniojruiz;@SextaNocheTV;113
@PAntoniojruiz;@xaviertrias;114
@PAntoniojruiz;@AlfredBosch;114
@SextaNocheTV;@AlfredBosch;138
@subversivos_;@AdaColau;67
@AntonioMaestre;@CiudadanosCs;297
@gaab75;@AdaColau;56
@laSextaTV;@SextaNocheTV;92
@jorgegcastano;@AdaColau;74
@jorgegcastano;@manuelacarmena;61
@cbonaventura;@Albert_Rivera;96
@cbonaventura;@Pablo_Iglesias_;96
@cbonaventura;@AdaColau;114
@Dersu_Uzala23;@bcnencomu;58
@EGR19522;@AdaColau;54
@Famelica_legion;@AdaColau;89
@PabloFMagrazo;@bcnencomu;55
@silviaglaa;@AdaColau;125
@cocacolaenlucha;@AdaColau;74
@AdaColau;@pacomarhuenda;85
@LuisSalom;@AdaColau;72
@AdaColau;@Rita_Maestre;100
@kim_soler;@AdaColau;111
@_InakiLopez_;@SextaNocheTV;259
@SextaNocheTV;@LA_PAH;50
@manuelacarmena;@SextaNocheTV;115
@PAH_BCN;@bcn_ajuntament;102
@bcn_ajuntament;@ILPhabitatge;63
@NataliaRosetti;@AdaColau;106
@MillorBCN;@Ignasi_Planas;68
@LuchoMasan;@AdaColau;57
@_cafeambllet;@D15info;104
@_cafeambllet;@LaliSandi;103
@D15info;@LaliSandi;108
@AdaColau;@D15in;65
@_cafeambllet;@D15in;65
@AdaColau;@D15info;120
@AnaGarridoRamos;@SextaNocheTV;230
@aquipuedo;@AdaColau;112
@Konikcat;@AdaColau;63
@AdaColau;@JuanchoDumall;88
@ALTAS_PRESIONES;@_EnSevilla;59
@ALTAS_PRESIONES;@AdaColau;64
@ALTAS_PRESIONES;@PatColon;59
@ALTAS_PRESIONES;@subversivos_;59
@ALTAS_PRESIONES;@newinvers;52
@_EnSevilla;@AdaColau;60
@_EnSevilla;@PatColon;60
@_EnSevilla;@subversivos_;60
@_EnSevilla;@newinvers;52
@AdaColau;@PatColon;63
@AdaColau;@newinvers;52
@PatColon;@subversivos_;60
@PatColon;@newinvers;52
@subversivos_;@newinvers;52
@Laksmiz;@elSingular;54
@AnitaBotwin;@AdaColau;90
@PamPololos;@manuelacarmena;54
@PamPololos;@AdaColau;55
@Gafas_y_reloj;@LuisSalom;54
@lizcastro;@AdaColau;78
@bcnencomu;@elcaco46;56
@serratsabi;@AdaColau;51
@Alvar_De_Muller;@AdaColau;55
@dtorre777;@AdaColau;54
@elmundoes;@AdaColau;146
@pacosierral;@CiudadanosCs;82
@AnaGarridoRamos;@_InakiLopez_;132
@AnaGarridoRamos;@dlacalle;161
@_InakiLopez_;@dlacalle;129
@dlacalle;@SextaNocheTV;165
@dlacalle;@AdaColau;183
@Esquerra_ERC;@cupnacional;61
@IMatavera;@AdaColau;91
@IMatavera;@bcnencomu;76
@RecuperarMadri;@manuelacarmena;57
@RecuperarMadri;@AhoraMadrid;57
@RecuperarMadri;@UnTiempoNuevoTV;57
@RecuperarMadri;@AdaColau;57
@RecuperarMadri;@bcnencomu;57
@RecuperarMadri;@SextaNocheTV;57
@manuelacarmena;@UnTiempoNuevoTV;63
@AhoraMadrid;@UnTiempoNuevoTV;58
@AhoraMadrid;@SextaNocheTV;99
@UnTiempoNuevoTV;@AdaColau;64
@UnTiempoNuevoTV;@bcnencomu;58
@UnTiempoNuevoTV;@SextaNocheTV;64
@llambordes;@AdaColau;57
@Exterminador50;@ForreMarti;204
@Exterminador50;@llopebre;201
@Exterminador50;@tonialba;126
@Exterminador50;@AdaColau;123
@ForreMarti;@llopebre;205
@ForreMarti;@tonialba;131
@ForreMarti;@AdaColau;129
@llopebre;@AdaColau;124
@AgoraOpinio;@xaviertrias;105
@Laiaortiz;@mvidal80;118
@tonialba;@CarinaMejias;57
@Fredy_ajs;@xaviertrias;72
@MasClaro13tv;@albertofdezxbcn;262
@celmi909;@xaviertrias;57
@Gourunsi;@AdaColau;57
@elmundoes;@bcnencomu;52
@CiudadanosCs;@elmundoes;70
@CarinaMejias;@elmundoes;65
@Cs_BCNA;@elmundoes;68
@L_Makeba;@AdaColau;83
@CatDiuProu;@bcnencomu;84
@PauGuix;@CarinaMejias;51
@universitatscat;@xaviertrias;52
@moncapsa;@herrerajoan;139
@olgarodriguezfr;@AdaColau;115
@olgarodriguezfr;@s;105
@jaumecollboni;@iniciativa;70
@Jordi_Obon;@CiudadanosCs;66
@jaumecollboni;@icveuiaBCN;53
@_InakiLopez_;@Padreangelmensa;87
@SextaNocheTV;@Padreangelmensa;103
@AdaColau;@Padreangelmensa;112
@dlacalle;@Padreangelmensa;106
@AnaGarridoRamos;@Padreangelmensa;112
@ERCbcn;@ARApolitica;52
@cecimerello;@CarinaMejias;50
@SextaNocheTV;@Rita_Maestre;83
@bcnencomu;@Rita_Maestre;73
@Javi_Barrena;@AdaColau;63
@Jordi_Obon;@CarinaMejias;65
@Gafas_y_reloj;@hermanntertsch;61
@hermanntertsch;@JGetafe;56
@AdaColau;@JGetafe;56
@albertofdezxbcn;@g6gracia;89
@albertofdezxbcn;@barcelona_GUB;74
@llopebre;@albertofdezxbcn;63
@llopebre;@SandraBoix;58
@Jordi_Obon;@soniasi02;52
@ForreMarti;@Cs_BCNA;56
@miquel1052;@AdaColau;54
@albertofdezxbcn;@13tv_es;118
@MasClaro13tv;@13tv_es;54
@cs_ciutat_vella;@CarinaMejias;237
@albertofdezxbcn;@IsabelDuran_;230
@13tv_es;@IsabelDuran_;94
@AcordCiutada;@xaviertrias;78
@MasClaro13tv;@IsabelDuran_;172
@jaumecollboni;@elmundoes;50
@XavierSolerT;@herrerajoan;66
@XavierSolerT;@miqueliceta;65
@NataliaRosetti;@G_Pisarello;53
@XescoMagrinya;@SFamiliaEnComu;64
@albertofdezxbcn;@GSMA;89
@ARApolitica;@bcnencomu;70
@albertofdezxbcn;@bancsabadell;63
@;@elperiodico;149
@;@bancsabadell;63
@elperiodico;@bancsabadell;65
@NewEconomyForum;@CarinaMejias;230
@NewEconomyForum;@CiudadanosCs;165
@Cs_BCNA;@NewEconomyForum;149
@NewEconomyForum;@Albert_Rivera;182
@albertofdezxbcn;@Telefonica;52
@albertofdezxbcn;@GNF_es;51
@;@Telefonica;52
@;@GNF_es;52
@elperiodico;@Telefonica;54
@elperiodico;@GNF_es;53
@bancsabadell;@Telefonica;54
@bancsabadell;@GNF_es;53
@Telefonica;@GNF_es;53
@latinoscat;@NousCatalans;67
@CarmendeRivera;@CarinaMejias;60
@albertofdezxbcn;@elp;84
@ARApolitica;@MovEsquerres;50
@AliciaSCamacho;@elp;60
@PPCatalunya;@EduardoBolanosR;50
@L_Makeba;@ierrejon;437
@L_Makeba;@G_Pisarello;398
@L_Makeba;@xavierdomenechs;348
@ierrejon;@G_Pisarello;384
@ierrejon;@xavierdomenechs;352
@RamblaBTV;@BTVcat;122
@leotaxil;@simo_cat;61
@CarinaMejias;@simo_cat;62
@Taula3sector;@Esquerra_ERC;53
@denterd;@jaumecollboni;87
@fanetin;@ManuelaCarmena;68
@RamblaBTV;@ERCbcn;51
@RamblaBTV;@AlfredBosch;94
@joancalabuig;@jaumecollboni;137
@bcnencomu;@Espacio_Pub;55
@Espacio_Pub;@Jaumeasens;58
@Exterminador50;@Miquelet1969;63
@llopebre;@Miquelet1969;69
@ForreMarti;@Miquelet1969;106
@9bCabrejada;@AlfredBosch;88
@carnecrudaradio;@manuelaCarmena;78
@AdaColau;@manuelaCarmena;79
@eslatarde;@albertofdezxbcn;68
@elenaIbor;@CarinaMejias;75
@AdaColau;@juanlusanchez;156
@Josgarma;@IndEnCastellano;54
@Josgarma;@AdaColau;50
@CiudadanosCs;@MarilenBarcelo;118
@Adrilastra;@jaumecollboni;94
@Fredy_ajs;@bcn_bleach;52
@Fredy_ajs;@Cs_BCNA;50
@bcn_bleach;@Miquelet1969;60
@bcn_bleach;@Cs_BCNA;61
@Miquelet1969;@Cs_BCNA;60
@AdaColau;@ILPhabitatge;74
@maciosky;@AdaColau;94
@jaumecollboni;@Carmona_alcalde;138
@PSOE;@Carmona_alcalde;55
@CarinaMejias;@Societatcc;109
@bcnencomu;@carnec;58
@ForreMarti;@CatDiuProu;51
@Exterminador50;@CatDiuProu;51
@ForreMarti;@SandraBoix;64
@ForreMarti;@albertofdezxbcn;70
@Exterminador50;@albertofdezxbcn;52
@CatDiuProu;@albertofdezxbcn;51
@PaquiVicente;@AdaColau;169
@aquipuedo;@icveuia;55
@aquipuedo;@unio_cat;55
@AdaColau;@unio_cat;70
@lluiv;@bcnencomu;102
@lluiv;@ahorapodemos;102
@xafemho_tot;@SergiCastanye;73
@xafemho_tot;@QuicoSalles;73
@xafemho_tot;@AdaColau;73
@SergiCastanye;@QuicoSalles;74
@QuicoSalles;@AdaColau;75
@Taula3sector;@jaumecollboni;79
@toret;@G_Pisarello;81
@toret;@xavierdomenechs;71
@toret;@ierrejon;78
@toret;@L_Makeba;58
@lizcastro;@KateSB;69
@Anne_Hidalgo;@Paris;65
@Paris;@xaviertrias;64
@AlfredBosch;@EUPARTYEFA;55
@elSingular;@agusticolomines;59
@herrerajoan;@agusticolomines;60
@AdaColau;@agusticolomines;60
@CatDiuProu;@IMatavera;62
@Podem_BCN;@L_Makeba;71
@Podem_BCN;@xavierdomenechs;52
@COACatalunya;@xaviertrias;172
@maciosky;@LA_PAH;143
@ahorapodemos;@L_Makeba;61
@piuladors4cat;@adacolau;59
@btvnoticies;@BCNenComu;55
@moncapsa;@dolorscamats;109
@alexiarovira;@AdaColau;68
@pilarcarracelas;@AdaColau;105
@pilarcarracelas;@ahorapodemos;105
@PAHCBages;@AdaColau;210
@coquegarcia;@albertofdezxbcn;254
@juanarza;@xaviertrias;78
@ERCbcn;@Araeslhora;50
@LA_PAH;@PAHCBages;207
@AdaColau;@Julia_Solans;106
@Julia_Solans;@bcnencomu;129
@podembadalona;@ierrejon;85
@SentitCritic;@xaviertrias;180
@Societatcc;@CarmendeRivera;50
@ristomejide;@jaumecollboni;58
@joancalabuig;@Carmona_alcalde;105
@joancalabuig;@PSOE;53
@pspv_psoevlc;@joancalabuig;56
@pspv_psoevlc;@Carmona_alcalde;55
@pspv_psoevlc;@jaumecollboni;56
@ObraSocial_PAH;@AdaColau;196
@martaverdejo;@xaviertrias;104
@LA_PAH;@ObraSocial_PAH;234
@MasCatala;@xaviertrias;113
@AdaColau;@javierburonc;69
@javierburonc;@salvadostv;70
